# id,Prediction
1.0,0.337855270258
2.0,0.505565903118
3.0,0.593731979888
4.0,0.462538732057
5.0,0.489310076728
6.0,0.479281550198
7.0,0.406166895976
8.0,0.461116344196
9.0,0.447245220723
10.0,0.351582420206
11.0,0.444401511068
12.0,0.406212410569
13.0,0.454941664674
14.0,0.46244521951
15.0,0.57610528496
16.0,0.458164661963
17.0,0.506624094999
18.0,0.413828686486
19.0,0.433346307098
20.0,0.278452713094
